{"organisation":"PSMA","name":"psma_localities_202008","title":"PSMA - Administrative Boundaries - Suburbs/Localities (Polygon) August 2020","legal":{"copyrightYear":"2020","attributionYear":"2020","attribution":"{datasource.organisationTitle}, {dataset.title}; accessed from AURIN on {dateOfAccess}.","clickthrough":true,"termsUrl":"https://apps.aurin.org.au/gate/copyright/PSMA/PSMA_terms.pdf","licenceType":"Data Licence (PSMA Distribution Pty Limited)","copyrightNotice":"&copy; {datasource.organisationTitle} {dataset.copyrightYear} <a href=https://geoscape.com.au/legal/data-copyright-and-disclaimer/ target=_blank>Copyright Notice and Disclaimer</a>"},"referenceSystemIdentifier":"urn:x-ogc:def:crs:EPSG:4283","geoLevel":"NA","key":"loc_pid","keyRegex":null,"availability":"true","geomField":"wkb_geometry","keyword":"Administrative Boundaries","theme":"boundary","temporalExtent":{"beginDate":"2020-08-01T00:00:00","endDate":"2020-08-01T00:00:00","selectTime":false},"type":"dataset","_id":"dataset-PSMA-psma_localities_202008-NA","bbox":[96.82,-43.64,168,-9.09],"abstract":"This layer presents the footprint of Suburbs/Localities in Australia. The locality entity is one of the primary entities as many other datasets refer to localities. Gazetted localities will have one or many polygons defining their boundary. A locality may also have many alias names recorded against it. The data is from the August 2020 release of Administrative Boundaries.\n<br><br>\n\nFor more information, please refer to the <a href='https://cloudstor.aarnet.edu.au/plus/s/skvTXO6YLEMhI1S' target='_blank'>Product Description</a>.\n<br><br>\n\nNotes:\n<ul>\n<li>On 1 October 2020, PSMA Australia Limited began trading as Geoscape Australia.</li>\n<li>Within South Australia, the northern section is unincorporated and no data is available.</li>\n</ul>\n<br> Administrative Boundaries data serves as a foundation for several other datasets provided by PSMA as well as being a valuable dataset in its own right. The common geometric base allows users to apply the spatial data to the full extent of coverage. This common infrastructure facilitates data integration with supplementary data supplied in the future.\n<br><br> AURIN has merged the State/Territory based shapefiles into a national dataset.","selectedAttributes":[{"name":"loc_pid","type":"String","title":"Unique ID","description":"PSMA Unique Identifier. The Persistent Identifier is unique to the real world feature this record represents.","stype":"nominal","isDimension":false},{"name":"wkb_geometry","type":"Geometry","title":"Geometry","description":"Geometry.","stype":"nominal","isDimension":false},{"name":"state_pid","type":"String","title":"State or Territory ID","description":"State or Territory persistent identifier (1 = NSW, 2 = VIC, 3 = QLD, 4 = SA, 5 = WA, 6 = TAS, 7 = NT, 8 = ACT, 9 = Other Territories).","stype":"nominal","isDimension":false},{"name":"name","type":"String","title":"Locality Name","description":"The name of the locality.","stype":"nominal","isDimension":false},{"name":"prim_pcode","type":"String","title":"Primary Postcode","description":"A unique four digit identifier required to differentiate localities of the same name within a state. It is not consistent the postcodes used by Australia Post.","stype":"nominal","isDimension":false}],"filter":{"filterType":"tabular","spatial":{"bbox":[144.333634048,-38.502988016,145.878412014,-37.175098993]},"states":["2"]}}